Client Account,Vehicle Reg,Make,Model,Status,Renewal Date,Policy #,Premium (TT$)
NU-IRON UNLIMITED,,,,Current,2025-11-01,TT AST 1609577,2733.49
NU-IRON UNLIMITED,,,,Current,2025-11-01,TT AST 1609577,2733.49
NU-IRON UNLIMITED,,,,Current,2025-11-01,TT AST 1609577,2733.49
NU-IRON UNLIMITED,,,,Current,2025-11-01,TT AST 1609577,2733.49
NU-IRON UNLIMITED,PEH7698,Toyota,Hiace,Current,2025-10-16,TT AOG 1607202,14409.87
NU-IRON UNLIMITED,,,,Current,2024-11-01,TT AST 1609577,2733.49
NU-IRON UNLIMITED,,,,Current,2024-11-01,TT AST 1609577,2733.49
NU-IRON UNLIMITED,,,,Current,2024-11-01,TT AST 1609577,2733.49
NU-IRON UNLIMITED,,,,Current,2024-11-01,TT AST 1609577,2733.49
NU-IRON UNLIMITED,PEH7698,Toyota,Hiace,Current,2024-10-18,TT AOG 1607202,15319.66
RPM EXPRESS COURIERS,TCP2801,Toyota,Hiace,Current,2026-02-21,TT ACF 1379636,1976.48
RPM EXPRESS COURIERS,TEC 9047,Nissan,Caravan,Current,2026-02-21,TT ACF 1379636,2311.33
RPM EXPRESS COURIERS,TEC4062,Nissan,Caravan,Current,2026-02-21,TT ACF 1379636,2311.33
RPM EXPRESS COURIERS,TEC5584,Nissan,Caravan,Current,2026-02-21,TT ACF 1379636,2311.33
RPM EXPRESS COURIERS,TEC7377,Nissan,Caravan,Current,2026-02-21,TT ACF 1379636,2311.33
RPM EXPRESS COURIERS,TEL1353,Nissan,Caravan,Current,2026-02-21,TT ACF 1379636,1869.12
RPM EXPRESS COURIERS,TEL4503,Nissan,Caravan,Current,2026-02-21,TT ACF 1379636,1869.12
RPM EXPRESS COURIERS,TEL4715,Nissan,Caravan,Current,2026-02-21,TT ACF 1379636,1869.12
RPM EXPRESS COURIERS,TEL5941,Nissan,Caravan,Current,2026-02-21,TT ACF 1379636,1869.12
RPM EXPRESS COURIERS,TEL7111,Nissan,Caravan,Current,2026-02-21,TT ACF 1379636,1869.12
RPM EXPRESS COURIERS,TCP2801,Nissan,,Current,2025-02-21,TT ACF 1379636,1685.4
RPM EXPRESS COURIERS,TDY 3819,Nissan,,Current,2025-02-21,TT ACF 1379636,2175.12
RPM EXPRESS COURIERS,TDY 4490,,,Current,2025-02-21,TT ACF 1379636,2175.12
RPM EXPRESS COURIERS,TDY 5536,,,Current,2025-02-21,TT ACF 1379636,2175.12
RPM EXPRESS COURIERS,TDY4585,,,Current,2025-02-21,TT ACF 1379636,2175.12
RPM EXPRESS COURIERS,TEC 9047,Nissan,,Current,2025-02-21,TT ACF 1379636,2175.12
RPM EXPRESS COURIERS,TEC4062,Nissan,,Current,2025-02-21,TT ACF 1379636,2175.12
RPM EXPRESS COURIERS,TEC5584,Nissan,,Current,2025-02-21,TT ACF 1379636,2175.12
RPM EXPRESS COURIERS,TEC7377,Nissan,,Current,2025-02-21,TT ACF 1379636,2175.12
RPM EXPRESS COURIERS,TCP2801,Nissan,,Current,2024-02-21,TT ACF 1379636,1685.4
RPM EXPRESS COURIERS,TDY 3819,Nissan,,Current,2024-02-21,TT ACF 1379636,2175.12
RPM EXPRESS COURIERS,TDY 4490,,,Current,2024-02-21,TT ACF 1379636,2175.12
RPM EXPRESS COURIERS,TDY 5536,,,Current,2024-02-21,TT ACF 1379636,2175.12
RPM EXPRESS COURIERS,TDY4585,,,Current,2024-02-21,TT ACF 1379636,2175.12
RPM EXPRESS COURIERS,TEC 9047,Nissan,,Current,2024-02-21,TT ACF 1379636,2175.12
RPM EXPRESS COURIERS,TEC4062,Nissan,,Current,2024-02-21,TT ACF 1379636,2175.12
RPM EXPRESS COURIERS,TEC5584,Nissan,,Current,2024-02-21,TT ACF 1379636,2175.12
RPM EXPRESS COURIERS,TEC7377,Nissan,,Current,2024-02-21,TT ACF 1379636,2175.12
RPM EXPRESS COURIERS,,,,,2023-02-21,TTACF1379636,17890.26
RPM EXPRESS COURIERS,TCP2801,Nissan,,Current,2022-03-21,TTCMI295432,1440.47
RPM EXPRESS COURIERS,TDY 3819,Nissan,,Current,2022-03-21,TTCMI295432,2082.26
RPM EXPRESS COURIERS,TDY 4490,,,Current,2022-03-21,TTCMI295432,2082.26
RPM EXPRESS COURIERS,TDY 5536,,,Current,2022-03-21,TTCMI295432,2082.26
RPM EXPRESS COURIERS,TDY4585,,,Current,2022-03-21,TTCMI295432,2082.26
RPM EXPRESS COURIERS,TEC 9047,Nissan,,Current,2022-03-21,TTCMI295432,2082.26
RPM EXPRESS COURIERS,TEC4062,Nissan,,Current,2022-03-21,TTCMI295432,2082.26
RPM EXPRESS COURIERS,TEC5584,Nissan,,Current,2022-03-21,TTCMI295432,2082.26
RPM EXPRESS COURIERS,TEC7377,Nissan,,Current,2022-03-21,TTCMI295432,2082.26
RPM EXPRESS COURIERS,TDY 3819,Nissan,,Current,2021-03-21,TTCMI295432,2875.46
RPM EXPRESS COURIERS,TDY 4490,,,Current,2021-03-21,TTCMI295432,2875.46
RPM EXPRESS COURIERS,TDY 5536,,,Current,2021-03-21,TTCMI295432,2875.46
RPM EXPRESS COURIERS,TDY4585,,,,2021-03-21,TTCMI295432,2875.46
RPM EXPRESS COURIERS,TDY 3819,,,,2020-02-21,,2875.46
RPM EXPRESS COURIERS,TDY 4490,,,,2020-02-21,,2875.46
RPM EXPRESS COURIERS,TDY 4585,,,,2020-02-21,,2875.46
RPM EXPRESS COURIERS,TDY 5536,,,,2020-02-21,,2875.46
RPM TECHNICAL SERVICES REVISED,CAT303ELJX200234,Caterpillar,Excavator,Current,2025-11-22,TT FSP 1443390,7155
RPM TECHNICAL SERVICES REVISED,A25DV72360,Caterpillar,Volvo Dump,Current,2025-11-14,TTACF1362841,2671.2
RPM TECHNICAL SERVICES REVISED,A30DV74366,Volvo,Dump Truck,Current,2025-11-14,TTACF1362841,2671.2
RPM TECHNICAL SERVICES REVISED,LZZDDLSD5RJ365501,,Volvo Dump,Current,2025-11-14,TTACF1362841,1955.7
RPM TECHNICAL SERVICES REVISED,LZZDDLSDXRJ357698,Volvo Truck,SINOTRUK,Current,2025-11-14,TT ACF 1362841,1349.49
RPM TECHNICAL SERVICES REVISED,PDX4696,Honda,VEZEL,Sold,2025-11-14,TTAPF1362870,1356.8
RPM TECHNICAL SERVICES REVISED,PDY1866,Mercedes,SEDAN,Current,2025-11-14,TTAPF1362870,1356.8
RPM TECHNICAL SERVICES REVISED,PED1766,Nissan,XTrail,Current,2025-11-14,TTAPF1362870,1163.88
RPM TECHNICAL SERVICES REVISED,PEJ2952,Lincoln,RollsRoyce,Sold,2025-11-14,TTAPF1362870,884
RPM TECHNICAL SERVICES REVISED,PEK5058,Kia,Sportage,Current,2025-11-14,TTAPF1362870,10496.89
RPM TECHNICAL SERVICES REVISED,PEL3475,Land Rover,SUV,Current,2025-11-14,TTAPF1362870,857.33
RPM TECHNICAL SERVICES REVISED,TBL8900,Nissan,Nissan Dmp,Current,2025-11-14,TTACF1362841,2138.55
RPM TECHNICAL SERVICES REVISED,TBP5615,Toyota,Dyn,Current,2025-11-14,TTACF1362841,1657.59
RPM TECHNICAL SERVICES REVISED,TCW8299,Mitsubishi,Dump Truck,Current,2025-11-14,TTACF1362841,2138.55
RPM TECHNICAL SERVICES REVISED,TDA7691,,DumpTruck,Current,2025-11-14,TTACF1362841,5988.53
RPM TECHNICAL SERVICES REVISED,TDE4981,International,DUMP TRUCK,Current,2025-11-14,TTACF1362841,1955.7
RPM TECHNICAL SERVICES REVISED,TDJ6838,Nissan,Frontier,Current,2025-11-14,TTACF1362841,1563.5
RPM TECHNICAL SERVICES REVISED,TDL5689,Nissan,Frontier,Current,2025-11-14,TTACF1362841,1971.6
RPM TECHNICAL SERVICES REVISED,TDP4793,Isuzu,NHR Truck,Current,2025-11-14,TTACF1362841,1971.6
RPM TECHNICAL SERVICES REVISED,TDP6989,Isuzu,Dump Truc,Current,2025-11-14,TTACF1362841,1816.73
RPM TECHNICAL SERVICES REVISED,TDP6993,Isuzu,PICK UP,Current,2025-11-14,TTACF1362841,1412.73
RPM TECHNICAL SERVICES REVISED,TDP6993,Isuzu,PICK UP,Current,2025-11-14,TTACF1362841,2875.38
RPM TECHNICAL SERVICES REVISED,TDP7684,Isuzu,DUMP TRUCK,Current,2025-11-14,TTACF1362841,1816.73
RPM TECHNICAL SERVICES REVISED,TDP7685,Isuzu,PICK UP,Current,2025-11-14,TTACF1362841,1412.73
RPM TECHNICAL SERVICES REVISED,TDR3429,Chevrolet,Colorado,Current,2025-11-14,TTACF1362841,1425.7
RPM TECHNICAL SERVICES REVISED,TDR993,Isuzu,PICK UP,Current,2025-11-14,TTACF1362841,1412.73
RPM TECHNICAL SERVICES REVISED,TDU4097,Mack,Dump Truck,Current,2025-11-14,TTACF1362841,16806.25
RPM TECHNICAL SERVICES REVISED,TDU4693,Mack,Dump Truck,Current,2025-11-14,TTACF1362841,18013.15
RPM TECHNICAL SERVICES REVISED,TDW1483,Isuzu,PICK UP,Current,2025-11-14,TTACF1362841,1412.73
RPM TECHNICAL SERVICES REVISED,TDW3688,VW,Island Tra,Current,2025-11-14,TTACF1362841,1590
RPM TECHNICAL SERVICES REVISED,TDW3804,Toyota,Hiace,Current,2025-11-14,TTACF1362841,1563.5
RPM TECHNICAL SERVICES REVISED,TDW5285,Mack,FLAT BED,Current,2025-11-14,TTACF1362841,1816.73
RPM TECHNICAL SERVICES REVISED,TDW5823,VW,Trailer IN,Current,2025-11-14,TTACF1362841,1590
RPM TECHNICAL SERVICES REVISED,TDW6983,Isuzu,Sedan,Current,2025-11-14,TTACF1362841,1955.7
RPM TECHNICAL SERVICES REVISED,TDW7413,Toyota,Hiace,Current,2025-11-14,TTACF1362841,1563.5
RPM TECHNICAL SERVICES REVISED,TDW9838,Toyota,Hiace,Current,2025-11-14,TTACF1362841,1563.5
RPM TECHNICAL SERVICES REVISED,TDX1822,,Freehaul T,Current,2025-11-14,TTACF1362841,1590
RPM TECHNICAL SERVICES REVISED,TDX255,,Freehaul T,Current,2025-11-14,TTACF1362841,1590
RPM TECHNICAL SERVICES REVISED,TDX362,,Agri Trail,Current,2025-11-14,TTACF1362841,1590
RPM TECHNICAL SERVICES REVISED,TDX5323,Volvo,Water Truc,Current,2025-11-14,TTACF1362841,16859.35
RPM TECHNICAL SERVICES REVISED,TDX670,Isuzu,DMAX Pu,Current,2025-11-14,TTACF1362841,4125.87
RPM TECHNICAL SERVICES REVISED,TDY738,Hino,flatbed,Current,2025-11-14,TTACF1362841,1571.63
RPM TECHNICAL SERVICES REVISED,TDZ6375,,DAF Truck,Current,2025-11-14,TTACF1362841,1833.8
RPM TECHNICAL SERVICES REVISED,TDZ7694,,DAF Flat T,Current,2025-11-14,TTACF1362841,1833.8
RPM TECHNICAL SERVICES REVISED,TDZ873,,Seminole T,Current,2025-11-14,TTACF1362841,6540.96
RPM TECHNICAL SERVICES REVISED,TDZ9324,,Seminole T,Current,2025-11-14,TTACF1362841,10172.82
RPM TECHNICAL SERVICES REVISED,TDZ9612,Fiat,Bed Truck,Current,2025-11-14,TTACF1362841,13859.54
RPM TECHNICAL SERVICES REVISED,TEA3609,Isuzu,NHR Pu,Current,2025-11-14,TTACF1362841,3413.48
RPM TECHNICAL SERVICES REVISED,TEA8121,Isuzu,NHR Pu,Current,2025-11-14,TTACF1362841,3413.48
RPM TECHNICAL SERVICES REVISED,TEA8555,Caterpillar,Backhoe,Current,2025-11-14,TTACF1362841,736.7
RPM TECHNICAL SERVICES REVISED,TEB2374,Volvo,Semi-Trail,Current,2025-11-14,TTACF1362841,8703.58
RPM TECHNICAL SERVICES REVISED,TEB3403,Isuzu,DMAX,Current,2025-11-14,TTACF1362841,5185.36
RPM TECHNICAL SERVICES REVISED,TEB3747,Isuzu,DMAZ PU,Current,2025-11-14,TTACF1362841,5321.8
RPM TECHNICAL SERVICES REVISED,TEB5937,,Freehaul T,Current,2025-11-14,TTACF1362841,1590
RPM TECHNICAL SERVICES REVISED,TEB6334,Isuzu,DUMP TRUCK,Current,2025-11-14,TTACF1362841,6598.99
RPM TECHNICAL SERVICES REVISED,TEB6666,,Freehaul T,Current,2025-11-14,TTACF1362841,1590
RPM TECHNICAL SERVICES REVISED,TEB6993,,Freehaul T,Current,2025-11-14,TTACF1362841,1590
RPM TECHNICAL SERVICES REVISED,TEB8139,,Freehaul T,Current,2025-11-14,TTACF1362841,1590
RPM TECHNICAL SERVICES REVISED,TED1833,Isuzu,FLAT BED,Current,2025-11-14,TTACF1362841,1657.59
RPM TECHNICAL SERVICES REVISED,TED6726,Toyota,HILUX,Current,2025-11-14,TTACF1362841,1563.5
RPM TECHNICAL SERVICES REVISED,TED7673,Toyota,HILUX,Current,2025-11-14,TTACF1362841,1425.7
RPM TECHNICAL SERVICES REVISED,TEG2161,Toyota,HILUX REVO,Current,2025-11-14,TTACF1362841,1563.5
RPM TECHNICAL SERVICES REVISED,TEG2239,Toyota,HILUX REVO,Current,2025-11-14,TTACF1362841,1563.5
RPM TECHNICAL SERVICES REVISED,TEG7960,Ford,RANGER,Sold,2025-11-14,TTACF1362841,1563.5
RPM TECHNICAL SERVICES REVISED,TEG9857,Toyota,HILUX REVO,Current,2025-11-14,TTACF1362841,1563.5
RPM TECHNICAL SERVICES REVISED,TEH2430,Isuzu,Dump Truck,Current,2025-11-14,TTACF1362841,1412.73
RPM TECHNICAL SERVICES REVISED,TEK5909,Nissan,Quester,Current,2025-11-14,TTACF1362841,1971.6
RPM TECHNICAL SERVICES REVISED,TEK9454,Ford,Trailer,Current,2025-11-14,TTACF1362841,1590
RPM TECHNICAL SERVICES REVISED,TEL 1053,Toyota,HILUX REVO,Current,2025-11-14,TT APF 1362870,1097.46
RPM TECHNICAL SERVICES REVISED,TEL 4684,Toyota,HILUX REVO,Current,2025-11-14,TT APF 1362870,1097.46
RPM TECHNICAL SERVICES REVISED,TEL 745,Toyota,HILUX REVO,Current,2025-11-14,TT APF 1362870,1097.46
RPM TECHNICAL SERVICES REVISED,TEM7678,Toyota,HILUX TRAV,Current,2025-11-14,TTACF1362841,
RPM TECHNICAL SERVICES REVISED,PEK788,Porsche,Caye,Current,2025-10-31,TT APU 1697015,51492.43
RPM TECHNICAL SERVICES REVISED,PEE407,BMW,XM,Current,2025-08-10,TT APG 1505481,70934.22
RPM TECHNICAL SERVICES REVISED,CAT303ELJX200234,Caterpillar,Excavator,Current,2024-11-22,TT FSP 1443390,7155
RPM TECHNICAL SERVICES REVISED,A25DV72360,Caterpillar,Volvo Dump,Current,2024-11-14,TTACF1362841,2671.2
RPM TECHNICAL SERVICES REVISED,A30DV74366,Volvo,Dump Truck,Current,2024-11-14,TTACF1362841,2671.2
RPM TECHNICAL SERVICES REVISED,LZZDDLSD5RJ365501,,Volvo Dump,Current,2024-11-14,TTACF1362841,2671.2
RPM TECHNICAL SERVICES REVISED,PDX4696,Honda,VEZEL,Sold,2024-11-14,TTAPF1362870,1356.8
RPM TECHNICAL SERVICES REVISED,PDY1866,Mercedes,SEDAN,Current,2024-11-14,TTAPF1362870,1356.8
RPM TECHNICAL SERVICES REVISED,PED1766,Nissan,XTrail,Current,2024-11-14,TTAPF1362870,1163.88
RPM TECHNICAL SERVICES REVISED,PEJ2952,Lincoln,RollsRoyce,Sold,2024-11-14,TTAPF1362870,884
RPM TECHNICAL SERVICES REVISED,PEK5058,Kia,Sportage,Current,2024-11-14,TTAPF1362870,2523.57
RPM TECHNICAL SERVICES REVISED,TBL8900,Nissan,Nissan Dmp,Current,2024-11-14,TTACF1362841,1955.7
RPM TECHNICAL SERVICES REVISED,TBP5615,Toyota,Dyn,Current,2024-11-14,TTACF1362841,1518.45
RPM TECHNICAL SERVICES REVISED,TCW8299,Mitsubishi,Dump Truck,Current,2024-11-14,TTACF1362841,1955.7
RPM TECHNICAL SERVICES REVISED,TDA7691,,DumpTruck,Current,2024-11-14,TTACF1362841,6013.38
RPM TECHNICAL SERVICES REVISED,TDE4981,International,DUMP TRUCK,Current,2024-11-14,TTACF1362841,2565.2
RPM TECHNICAL SERVICES REVISED,TDG4440,Caterpillar,Bachhoe,Current,2024-11-14,TTACF1362841,736.7
RPM TECHNICAL SERVICES REVISED,TDH8264,Mercedes,Truck fitt,Sold,2024-11-14,TTACF1362841,1971.6
RPM TECHNICAL SERVICES REVISED,TDJ6838,Nissan,Frontier,Current,2024-11-14,TTACF1362841,1563.5
RPM TECHNICAL SERVICES REVISED,TDL5689,Nissan,Frontier,Current,2024-11-14,TTACF1362841,1971.6
RPM TECHNICAL SERVICES REVISED,TDP4793,Isuzu,NHR Truck,Current,2024-11-14,TTACF1362841,1971.6
RPM TECHNICAL SERVICES REVISED,TDP6989,Isuzu,Dump Truc,Current,2024-11-14,TTACF1362841,6047.97
RPM TECHNICAL SERVICES REVISED,TDP6990,Isuzu,PICK UP,Sold,2024-11-14,TTACF1362841,2875.38
RPM TECHNICAL SERVICES REVISED,TDP6991,Isuzu,DMAX Pu,Sold,2024-11-14,TTACF1362841,2875.38
RPM TECHNICAL SERVICES REVISED,TDP6992,Isuzu,PICK UP,Sold,2024-11-14,TTACF1362841,2875.38
RPM TECHNICAL SERVICES REVISED,TDP6993,Isuzu,PICK UP,Current,2024-11-14,TTACF1362841,2875.38
RPM TECHNICAL SERVICES REVISED,TDP6993,Isuzu,PICK UP,Current,2024-11-14,TTACF1362841,2875.38
RPM TECHNICAL SERVICES REVISED,TDP7684,Isuzu,DUMP TRUCK,Current,2024-11-14,TTACF1362841,2292.08
RPM TECHNICAL SERVICES REVISED,TDP7685,Isuzu,PICK UP,Current,2024-11-14,TTACF1362841,2166.12
RPM TECHNICAL SERVICES REVISED,TDR3429,Chevrolet,Colorado,Current,2024-11-14,TTACF1362841,1425.7
RPM TECHNICAL SERVICES REVISED,TDR993,Isuzu,PICK UP,Current,2024-11-14,TTACF1362841,2305.98
RPM TECHNICAL SERVICES REVISED,TDU4097,Mack,Dump Truck,Current,2024-11-14,TTACF1362841,16981.98
RPM TECHNICAL SERVICES REVISED,TDU4693,Mitsubishi,Mack Truck,Current,2024-11-14,TTACF1362841,18214.33
RPM TECHNICAL SERVICES REVISED,TDW1483,Isuzu,PICK UP,Current,2024-11-14,TTACF1362841,2740.03
RPM TECHNICAL SERVICES REVISED,TDW3688,VW,Island Tra,Current,2024-11-14,TTACF1362841,1590
RPM TECHNICAL SERVICES REVISED,TDW3804,Toyota,Hiace,Current,2024-11-14,TTACF1362841,1563.5
RPM TECHNICAL SERVICES REVISED,TDW5285,Mack,FLAT BED,Current,2024-11-14,TTACF1362841,16630.24
RPM TECHNICAL SERVICES REVISED,TDW5823,VW,Trailer IN,Current,2024-11-14,TTACF1362841,1590
RPM TECHNICAL SERVICES REVISED,TDW6983,Isuzu,Sedan,Current,2024-11-14,TTACF1362841,1955.7
RPM TECHNICAL SERVICES REVISED,TDW7413,Toyota,Hiace,Current,2024-11-14,TTACF1362841,1563.5
RPM TECHNICAL SERVICES REVISED,TDW9838,Toyota,Hiace,Current,2024-11-14,TTACF1362841,1563.5
RPM TECHNICAL SERVICES REVISED,TDX1822,,Freehaul T,Current,2024-11-14,TTACF1362841,1590
RPM TECHNICAL SERVICES REVISED,TDX255,,Freehaul T,Current,2024-11-14,TTACF1362841,1590
RPM TECHNICAL SERVICES REVISED,TDX362,,Agri Trail,Current,2024-11-14,TTACF1362841,1590
RPM TECHNICAL SERVICES REVISED,TDX5323,Volvo,Water Truc,Current,2024-11-14,TTACF1362841,17043.62
RPM TECHNICAL SERVICES REVISED,TDX670,Isuzu,DMAX Pu,Current,2024-11-14,TTACF1362841,4137.99
RPM TECHNICAL SERVICES REVISED,TDZ6375,,DAF Truck,Current,2024-11-14,TTACF1362841,1833.8
RPM TECHNICAL SERVICES REVISED,TDZ7694,,DAF Flat T,Current,2024-11-14,TTACF1362841,1833.8
RPM TECHNICAL SERVICES REVISED,TDZ873,,Seminole T,Current,2024-11-14,TTACF1362841,7253.58
RPM TECHNICAL SERVICES REVISED,TDZ9324,,Seminole T,Current,2024-11-14,TTACF1362841,11289
RPM TECHNICAL SERVICES REVISED,TDZ9612,Fiat,Bed Truck,Current,2024-11-14,TTACF1362841,13999.8
RPM TECHNICAL SERVICES REVISED,TEA3609,Isuzu,NHR Pu,Current,2024-11-14,TTACF1362841,3400.55
RPM TECHNICAL SERVICES REVISED,TEA8121,Isuzu,NHR Pu,Current,2024-11-14,TTACF1362841,3400.55
RPM TECHNICAL SERVICES REVISED,TEA8555,Caterpillar,Backhoe,Current,2024-11-14,TTACF1362841,736.7
RPM TECHNICAL SERVICES REVISED,TEB2374,Volvo,Semi-Trail,Current,2024-11-14,TTACF1362841,9657.66
RPM TECHNICAL SERVICES REVISED,TEB3403,Isuzu,DMAX,Current,2024-11-14,TTACF1362841,5213.06
RPM TECHNICAL SERVICES REVISED,TEB3747,Isuzu,DMAZ PU,Current,2024-11-14,TTACF1362841,5351.48
RPM TECHNICAL SERVICES REVISED,TEB5937,,Freehaul T,Current,2024-11-14,TTACF1362841,1590
RPM TECHNICAL SERVICES REVISED,TEB6334,Isuzu,DUMP TRUCK,Current,2024-11-14,TTACF1362841,6632.8
RPM TECHNICAL SERVICES REVISED,TEB6666,,Freehaul T,Current,2024-11-14,TTACF1362841,1590
RPM TECHNICAL SERVICES REVISED,TEB6993,,Freehaul T,Current,2024-11-14,TTACF1362841,1590
RPM TECHNICAL SERVICES REVISED,TEB8139,,Freehaul T,Current,2024-11-14,TTACF1362841,1590
RPM TECHNICAL SERVICES REVISED,TED1833,Isuzu,,Current,2024-11-14,TTACF1362841,1518.45
RPM TECHNICAL SERVICES REVISED,TED6726,Toyota,HILUX,Current,2024-11-14,TTACF1362841,1563.5
RPM TECHNICAL SERVICES REVISED,TED7673,Toyota,HILUX,Current,2024-11-14,TTACF1362841,1425.7
RPM TECHNICAL SERVICES REVISED,TEG2161,Toyota,HILUX REVO,Current,2024-11-14,TTACF1362841,1563.5
RPM TECHNICAL SERVICES REVISED,TEG2239,Toyota,HILUX REVO,Current,2024-11-14,TTACF1362841,1563.5
RPM TECHNICAL SERVICES REVISED,TEG7960,Ford,RANGER,Sold,2024-11-14,TTACF1362841,1563.5
RPM TECHNICAL SERVICES REVISED,TEG9857,Toyota,HILUX REVO,Current,2024-11-14,TTACF1362841,1563.5
RPM TECHNICAL SERVICES REVISED,TEH2430,Isuzu,Dump Truck,Current,2024-11-14,TTACF1362841,8617.85
RPM TECHNICAL SERVICES REVISED,TEK5909,Nissan,Quester,Current,2024-11-14,TTACF1362841,435.53
RPM TECHNICAL SERVICES REVISED,TEK9454,Ford,Trailer,Current,2024-11-14,TTACF1362841,1563.5
RPM TECHNICAL SERVICES REVISED,PEE407,BMW,XM,Current,2024-08-10,TT APG 1505481,70934.22
RPM TECHNICAL SERVICES REVISED,CAT303ELJX200234,Caterpillar,Excavator,Current,2023-11-22,TT FSP 1443390,7155
RPM TECHNICAL SERVICES REVISED,A25DV72360,Caterpillar,Volvo Dump,,2023-11-14,TTACF1362841,2671.2
RPM TECHNICAL SERVICES REVISED,A30DV74366,Volvo,Dump Truck,Current,2023-11-14,TTACF1362841,2671.2
RPM TECHNICAL SERVICES REVISED,TBL8900,Nissan,Nissan Dmp,Current,2023-11-14,TTACF1362841,1955.7
RPM TECHNICAL SERVICES REVISED,TBP5615,Toyota,Dyn,Current,2023-11-14,TTACF1362841,1518.45
RPM TECHNICAL SERVICES REVISED,TCW8299,Mitsubishi,Dump Truck,Current,2023-11-14,TTACF1362841,1955.7
RPM TECHNICAL SERVICES REVISED,TDA7691,,DumpTruck,Current,2023-11-14,TTACF1362841,6608.87
RPM TECHNICAL SERVICES REVISED,TDE4981,International,DUMP TRUCK,Current,2023-11-14,TTACF1362841,2364.82
RPM TECHNICAL SERVICES REVISED,TDG4440,Caterpillar,Bachhoe,Current,2023-11-14,TTACF1362841,736.7
RPM TECHNICAL SERVICES REVISED,TDH8264,Mercedes,Truck fitt,Current,2023-11-14,TTACF1362841,1971.6
RPM TECHNICAL SERVICES REVISED,TDJ6838,Nissan,Frontier,Current,2023-11-14,TTACF1362841,1563.5
RPM TECHNICAL SERVICES REVISED,TDL5689,Nissan,Frontier,Current,2023-11-14,TTACF1362841,1971.6
RPM TECHNICAL SERVICES REVISED,TDP4793,Isuzu,NHR Truck,Current,2023-11-14,TTACF1362841,1971.6
RPM TECHNICAL SERVICES REVISED,TDP6989,Isuzu,Dump Truc,Current,2023-11-14,TTACF1362841,6647.31
RPM TECHNICAL SERVICES REVISED,TDP6990,Isuzu,PICK UP,Current,2023-11-14,TTACF1362841,3136.19
RPM TECHNICAL SERVICES REVISED,TDP6991,Isuzu,DMAX Pu,Current,2023-11-14,TTACF1362841,3136.19
RPM TECHNICAL SERVICES REVISED,TDP6992,Isuzu,PICK UP,Current,2023-11-14,TTACF1362841,3136.19
RPM TECHNICAL SERVICES REVISED,TDP6993,Isuzu,PICK UP,Current,2023-11-14,TTACF1362841,3136.19
RPM TECHNICAL SERVICES REVISED,TDP7684,Isuzu,DUMP TRUCK,Current,2023-11-14,TTACF1362841,2474.08
RPM TECHNICAL SERVICES REVISED,TDP7685,Isuzu,PICK UP,Current,2023-11-14,TTACF1362841,2348.13
RPM TECHNICAL SERVICES REVISED,TDR3429,Chevrolet,Colorado,Current,2023-11-14,TTACF1362841,1425.7
RPM TECHNICAL SERVICES REVISED,TDR993,Isuzu,PICK UP,Current,2023-11-14,TTACF1362841,2503.53
RPM TECHNICAL SERVICES REVISED,TDU4097,Mack,Dump Truck,Current,2023-11-14,TTACF1362841,18737.31
RPM TECHNICAL SERVICES REVISED,TDU4693,Mitsubishi,Mack Truck,Current,2023-11-14,TTACF1362841,20165.49
RPM TECHNICAL SERVICES REVISED,TDW1483,Isuzu,PICK UP,Current,2023-11-14,TTACF1362841,2985.81
RPM TECHNICAL SERVICES REVISED,TDW3688,VW,Island Tra,Current,2023-11-14,TTACF1362841,1590
RPM TECHNICAL SERVICES REVISED,TDW3804,Toyota,Hiace,Current,2023-11-14,TTACF1362841,1563.5
RPM TECHNICAL SERVICES REVISED,TDW5285,Mack,FLAT BED,Current,2023-11-14,TTACF1362841,18405.39
RPM TECHNICAL SERVICES REVISED,TDW5823,VW,Trailer IN,Current,2023-11-14,TTACF1362841,1590
RPM TECHNICAL SERVICES REVISED,TDW6983,Isuzu,Sedan,Current,2023-11-14,TTACF1362841,1955.7
RPM TECHNICAL SERVICES REVISED,TDW7413,Toyota,Hiace,Current,2023-11-14,TTACF1362841,1563.5
RPM TECHNICAL SERVICES REVISED,TDW9838,Toyota,Hiace,Current,2023-11-14,TTACF1362841,1563.5
RPM TECHNICAL SERVICES REVISED,TDX1822,,Freehaul T,Current,2023-11-14,TTACF1362841,1590
RPM TECHNICAL SERVICES REVISED,TDX255,,Freehaul T,Current,2023-11-14,TTACF1362841,1590
RPM TECHNICAL SERVICES REVISED,TDX362,,Agri Trail,Current,2023-11-14,TTACF1362841,1590
RPM TECHNICAL SERVICES REVISED,TDX5323,Volvo,Water Truc,Current,2023-11-14,TTACF1362841,18864.72
RPM TECHNICAL SERVICES REVISED,TDX670,Isuzu,DMAX Pu,Current,2023-11-14,TTACF1362841,4539.09
RPM TECHNICAL SERVICES REVISED,TDZ6375,,DAF Truck,Current,2023-11-14,TTACF1362841,1833.8
RPM TECHNICAL SERVICES REVISED,TDZ7694,,DAF Flat T,Current,2023-11-14,TTACF1362841,1833.8
RPM TECHNICAL SERVICES REVISED,TDZ873,,Seminole T,Current,2023-11-14,TTACF1362841,8045.4
RPM TECHNICAL SERVICES REVISED,TDZ9324,,Seminole T,Current,2023-11-14,TTACF1362841,12529.2
RPM TECHNICAL SERVICES REVISED,TDZ9612,Fiat,Bed Truck,Current,2023-11-14,TTACF1362841,15482.69
RPM TECHNICAL SERVICES REVISED,TEA3609,Isuzu,NHR Pu,Current,2023-11-14,TTACF1362841,3705.76
RPM TECHNICAL SERVICES REVISED,TEA8121,Isuzu,NHR Pu,Current,2023-11-14,TTACF1362841,3705.76
RPM TECHNICAL SERVICES REVISED,TEA8555,Caterpillar,Backhoe,Current,2023-11-14,TTACF1362841,736.7
RPM TECHNICAL SERVICES REVISED,TEB2374,Volvo,Semi-Trail,Current,2023-11-14,TTACF1362841,10716.6
RPM TECHNICAL SERVICES REVISED,TEB3403,Isuzu,DMAX,Current,2023-11-14,TTACF1362841,5733.61
RPM TECHNICAL SERVICES REVISED,TEB3747,Isuzu,DMAZ PU,Current,2023-11-14,TTACF1362841,5887.45
RPM TECHNICAL SERVICES REVISED,TEB5937,,Freehaul T,Current,2023-11-14,TTACF1362841,1590
RPM TECHNICAL SERVICES REVISED,TEB6334,Isuzu,DUMP TRUCK,Current,2023-11-14,TTACF1362841,7297.11
RPM TECHNICAL SERVICES REVISED,TEB6666,,Freehaul T,Current,2023-11-14,TTACF1362841,1590
RPM TECHNICAL SERVICES REVISED,TEB6993,,Freehaul T,Current,2023-11-14,TTACF1362841,1590
RPM TECHNICAL SERVICES REVISED,TEB8139,,Freehaul T,Current,2023-11-14,TTACF1362841,1590
RPM TECHNICAL SERVICES REVISED,TED1833,Isuzu,ELF TRUCK,Current,2023-11-14,TTACF1362841,1518.45
RPM TECHNICAL SERVICES REVISED,TED6726,Toyota,HILUX,Current,2023-11-14,TTACF1362841,1563.5
RPM TECHNICAL SERVICES REVISED,TED7673,Toyota,HILUX,Current,2023-11-14,TTACF1362841,1425.7
RPM TECHNICAL SERVICES REVISED,TEG2161,Toyota,HILUX REVO,Current,2023-11-14,TTACF1362841,791.51
RPM TECHNICAL SERVICES REVISED,TEG2239,Toyota,HILUX REVO,Current,2023-11-14,TTACF1362841,791.51
RPM TECHNICAL SERVICES REVISED,TEG7960,Ford,RANGER,Current,2023-11-14,TTACF1362841,791.51
RPM TECHNICAL SERVICES REVISED,TEG9857,Toyota,HILUX REVO,Current,2023-11-14,TTACF1362841,791.51
RPM TECHNICAL SERVICES REVISED,TEH2430,Isuzu,Dump Truck,Current,2023-11-14,TTACF1362841,
RPM TECHNICAL SERVICES REVISED,PDX4696,Honda,VEZEL,Current,2023-11-13,TTAPF1362870,1356.8
RPM TECHNICAL SERVICES REVISED,PDY1866,Mercedes,SEDAN,Current,2023-11-13,TTAPF1362870,1356.8
RPM TECHNICAL SERVICES REVISED,PED3231,,ASTON MART,Current,2023-11-13,TTAPF1362870,1356.8
RPM TECHNICAL SERVICES REVISED,PEF1536,Land Rover,LC300,Current,2023-11-13,TTAPF1362870,1403.33
RPM TECHNICAL SERVICES REVISED,PEE407,BMW,XM,Current,2023-08-09,TT APG 1505481,85743.4
RPM TECHNICAL SERVICES REVISED,PEA5330,Land Rover,Discovery,Current,2022-12-18,TT APU 1303807,1611.2
RPM TECHNICAL SERVICES REVISED,CAT303ELJX200234,Caterpillar,Excavator,Current,2022-11-25,TT FSP 1443390,7155
RPM TECHNICAL SERVICES REVISED,JPCZM70DXL T027171,,Quester Tr,Current,2022-11-25,TT FSP 1443390,20670
RPM TECHNICAL SERVICES REVISED,MNT00027,Caterpillar,Excavator,Current,2022-11-25,TT FSP 1443390,16695
RPM TECHNICAL SERVICES REVISED,TEA 8555,Caterpillar,Backhoe,Current,2022-11-25,TT FSP 1443390,14840
RPM TECHNICAL SERVICES REVISED,,,,,2022-11-14,Addition of Increased Limits o,68427.24
RPM TECHNICAL SERVICES REVISED,A25DV72360,Caterpillar,Volvo Dump,,2022-11-14,TTACF1362841,2671.2
RPM TECHNICAL SERVICES REVISED,A30DV74366,Volvo,Dump Truck,Current,2022-11-14,TTACF1362841,2671.2
RPM TECHNICAL SERVICES REVISED,PDS312,Mercedes,,Current,2022-11-14,TTAPF1362870,1356.8
RPM TECHNICAL SERVICES REVISED,PDX 4696,,,Current,2022-11-14,TTAPF1362870,1356.8
RPM TECHNICAL SERVICES REVISED,PDY1866,,,Current,2022-11-14,TTAPF1362870,1356.8
RPM TECHNICAL SERVICES REVISED,PDZ1825,,,Sold,2022-11-14,TTAPF1362870,663.6
RPM TECHNICAL SERVICES REVISED,PED1766,Nissan,XTRAIL,Current,2022-11-14,TTAPG1441396,5349.82
RPM TECHNICAL SERVICES REVISED,PED1766,Nissan,XTrail,Current,2022-11-14,TTAPF1362870,1017.6
RPM TECHNICAL SERVICES REVISED,PED3231,,AST.MARTIN,Current,2022-11-14,TTAPF1362870,1099.25
RPM TECHNICAL SERVICES REVISED,TBL9600,Nissan,Nissan Dmp,Current,2022-11-14,TTACF1362841,1274.4
RPM TECHNICAL SERVICES REVISED,TBP5615,Toyota,Dyn,Current,2022-11-14,TTACF1362841,1518.45
RPM TECHNICAL SERVICES REVISED,TCW8299,Mitsubishi,Dump Truck,Current,2022-11-14,TTACF1362841,1955.7
RPM TECHNICAL SERVICES REVISED,TDA7691,,DumpTruck,Current,2022-11-14,TTACF1362841,7270.54
RPM TECHNICAL SERVICES REVISED,TDG4440,Caterpillar,Bachhoe,Current,2022-11-14,TTACF1362841,736.7
RPM TECHNICAL SERVICES REVISED,TDH8264,Mercedes,Truck fitt,Current,2022-11-14,TTACF1362841,1833.8
RPM TECHNICAL SERVICES REVISED,TDJ6838,Nissan,Frontier,Current,2022-11-14,TTACF1362841,1425.7
RPM TECHNICAL SERVICES REVISED,TDL5689,Nissan,Frontier,Current,2022-11-14,TTACF1362841,1833.8
RPM TECHNICAL SERVICES REVISED,TDP4793,Isuzu,NHR Truck,Current,2022-11-14,TTACF1362841,1833.8
RPM TECHNICAL SERVICES REVISED,TDP6989,Isuzu,Dump Truc,Current,2022-11-14,TTACF1362841,7313.25
RPM TECHNICAL SERVICES REVISED,TDP6990,,,Current,2022-11-14,TTACF1362841,3426.02
RPM TECHNICAL SERVICES REVISED,TDP6991,Isuzu,DMAX Pu,Current,2022-11-14,TTACF1362841,3426.02
RPM TECHNICAL SERVICES REVISED,TDP6992,,,Current,2022-11-14,TTACF1362841,3426.02
RPM TECHNICAL SERVICES REVISED,TDP6993,Isuzu,,Current,2022-11-14,TTACF1362841,3426.02
RPM TECHNICAL SERVICES REVISED,TDP7684,Isuzu,,Current,2022-11-14,TTACF1362841,2676.32
RPM TECHNICAL SERVICES REVISED,TDP7685,Isuzu,,Current,2022-11-14,TTACF1362841,2550.39
RPM TECHNICAL SERVICES REVISED,TDR3429,Chevrolet,Colorado,Current,2022-11-14,TTACF1362841,1425.7
RPM TECHNICAL SERVICES REVISED,TDR993,Isuzu,,Current,2022-11-14,TTACF1362841,2723.04
RPM TECHNICAL SERVICES REVISED,TDU2066,Nissan,Caravan,Sold,2022-11-14,TTACF1362841,1425.7
RPM TECHNICAL SERVICES REVISED,TDU4097,Mack,Dump Truck,Current,2022-11-14,TTACF1362841,20687.69
RPM TECHNICAL SERVICES REVISED,TDU4693,Mitsubishi,Mack Truck,Current,2022-11-14,TTACF1362841,22333.47
RPM TECHNICAL SERVICES REVISED,TDU9858,Volvo,,Current,2022-11-14,TTACF1362841,11398.86
RPM TECHNICAL SERVICES REVISED,TDW1483,Isuzu,,Current,2022-11-14,TTACF1362841,3258.91
RPM TECHNICAL SERVICES REVISED,TDW3688,VW,Island Tra,Current,2022-11-14,TTACF1362841,1319.7
RPM TECHNICAL SERVICES REVISED,TDW3804,Toyota,Hiace,Current,2022-11-14,TTACF1362841,1297.62
RPM TECHNICAL SERVICES REVISED,TDW5285,Mack,,Current,2022-11-14,TTACF1362841,31005.33
RPM TECHNICAL SERVICES REVISED,TDW5823,VW,Trailer IN,Current,2022-11-14,TTACF1362841,1717.2
RPM TECHNICAL SERVICES REVISED,TDW6983,Isuzu,Sedan,Current,2022-11-14,TTACF1362841,1955.7
RPM TECHNICAL SERVICES REVISED,TDW7282,Volvo,Water Truc,,2022-11-14,TTACF1362841,1955.7
RPM TECHNICAL SERVICES REVISED,TDW7413,Toyota,Hiace,Current,2022-11-14,TTACF1362841,1297.62
RPM TECHNICAL SERVICES REVISED,TDW9838,Toyota,Hiace,Current,2022-11-14,TTACF1362841,1297.62
RPM TECHNICAL SERVICES REVISED,TDX1822,,Freehaul T,Current,2022-11-14,TTACF1362841,1590
RPM TECHNICAL SERVICES REVISED,TDX255,,Freehaul T,Current,2022-11-14,TTACF1362841,1637.7
RPM TECHNICAL SERVICES REVISED,TDX362,,Agri Trail,Current,2022-11-14,TTACF1362841,1717.2
RPM TECHNICAL SERVICES REVISED,TDX5323,Volvo,Water Truc,Current,2022-11-14,TTACF1362841,20888.15
RPM TECHNICAL SERVICES REVISED,TDX670,Isuzu,DMAX Pu,Current,2022-11-14,TTACF1362841,4984.76
RPM TECHNICAL SERVICES REVISED,TDZ6375,,DAF Truck,Current,2022-11-14,TTACF1362841,1833.8
RPM TECHNICAL SERVICES REVISED,TDZ7694,,DAF Flat T,Current,2022-11-14,TTACF1362841,1833.8
RPM TECHNICAL SERVICES REVISED,TDZ873,,Seminole T,Current,2022-11-14,TTACF1362841,8925.2
RPM TECHNICAL SERVICES REVISED,TDZ9324,,Seminole T,Current,2022-11-14,TTACF1362841,13907.2
RPM TECHNICAL SERVICES REVISED,TDZ9612,,Bed Truck,Current,2022-11-14,TTACF1362841,17130.35
RPM TECHNICAL SERVICES REVISED,TEA3609,Isuzu,NHR Pu,Current,2022-11-14,TTACF1362841,4044.86
RPM TECHNICAL SERVICES REVISED,TEA8121,Isuzu,NHR Pu,Current,2022-11-14,TTACF1362841,4044.86
RPM TECHNICAL SERVICES REVISED,TEA8555,,Backhoe,Current,2022-11-14,TTACF1362841,736.7
RPM TECHNICAL SERVICES REVISED,TEB2374,Volvo,Semi-Trail,Current,2022-11-14,TTACF1362841,11787.2
RPM TECHNICAL SERVICES REVISED,TEB3403,Isuzu,DMAX,Current,2022-11-14,TTACF1362841,6312.05
RPM TECHNICAL SERVICES REVISED,TEB3747,Isuzu,DMAZ PU,Current,2022-11-14,TTACF1362841,6482.94
RPM TECHNICAL SERVICES REVISED,TEB5937,,Freehaul T,Current,2022-11-14,TTACF1362841,1717.2
RPM TECHNICAL SERVICES REVISED,TEB6334,,,Current,2022-11-14,TTACF1362841,8035.27
RPM TECHNICAL SERVICES REVISED,TEB6666,,Freehaul T,Current,2022-11-14,TTACF1362841,1717.2
RPM TECHNICAL SERVICES REVISED,TEB6993,,Freehaul T,Current,2022-11-14,TTACF1362841,1717.2
RPM TECHNICAL SERVICES REVISED,TEB8139,,Freehaul T,Current,2022-11-14,TTACF1362841,1319.7
RPM TECHNICAL SERVICES REVISED,TED1833,Isuzu,,Current,2022-11-14,TTACF1362841,1381.22
RPM TECHNICAL SERVICES REVISED,TED6726,Toyota,HILUX,Current,2022-11-14,TTACF1362841,884.95
RPM TECHNICAL SERVICES REVISED,TED7673,Toyota,HILUX,Current,2022-11-14,TTACF1362841,11743.49
RPM TECHNICAL SERVICES REVISED,TEE7644,Ford,Ranger Rap,Sold,2022-11-14,TTACF1362841,884.95
RPM TECHNICAL SERVICES REVISED,PEC256,BMW,218,Current,2022-05-05,TTAPG1393618,6743.53
RPM TECHNICAL SERVICES REVISED,PEA5330,Land Rover,Discovery,Current,2021-12-18,TT APU 1303807,2604.95
RPM TECHNICAL SERVICES REVISED,PDS312,Mercedes,,Current,2021-11-14,TTAPF1362870,1356.8
RPM TECHNICAL SERVICES REVISED,PDX 4696,,,Current,2021-11-14,TTAPF1362870,1356.8
RPM TECHNICAL SERVICES REVISED,PDX9084,,,Sold,2021-11-14,TTAPF1362870,859.97
RPM TECHNICAL SERVICES REVISED,PDY1866,,,Current,2021-11-14,TTAPF1362870,1356.8
RPM TECHNICAL SERVICES REVISED,PDZ1825,,,Current,2021-11-14,TTAPF1362870,1356.8
RPM TECHNICAL SERVICES REVISED,PEC256,BMW,,Current,2021-11-14,TTAPF1362870,902.25
RPM TECHNICAL SERVICES REVISED,TBP5615,Toyota,Dyn,Current,2021-11-14,TTACF1362841,162.56
RPM TECHNICAL SERVICES REVISED,TCW8299,Mitsubishi,Dump Truck,Current,2021-11-14,TTACF1362841,1828.5
RPM TECHNICAL SERVICES REVISED,TDA7691,,DumpTruck,Current,2021-11-14,TTACF1362841,7270.54
RPM TECHNICAL SERVICES REVISED,TDG4440,Caterpillar,Bachhoe,Current,2021-11-14,TTACF1362841,736.7
RPM TECHNICAL SERVICES REVISED,TDH8264,Mercedes,Truck fitt,Current,2021-11-14,TTACF1362841,1225.97
RPM TECHNICAL SERVICES REVISED,TDJ6838,Nissan,Frontier,Current,2021-11-14,TTACF1362841,1298.5
RPM TECHNICAL SERVICES REVISED,TDL5689,Nissan,Frontier,Current,2021-11-14,TTACF1362841,1706.6
RPM TECHNICAL SERVICES REVISED,TDP4793,Isuzu,NHR Truck,Current,2021-11-14,TTACF1362841,1706.6
RPM TECHNICAL SERVICES REVISED,TDP6989,Isuzu,Dump Truc,Current,2021-11-14,TTACF1362841,8053.17
RPM TECHNICAL SERVICES REVISED,TDP6990,,,Current,2021-11-14,TTACF1362841,3748
RPM TECHNICAL SERVICES REVISED,TDP6991,Isuzu,DMAX Pu,Current,2021-11-14,TTACF1362841,3748
RPM TECHNICAL SERVICES REVISED,TDP6992,,,Current,2021-11-14,TTACF1362841,3748
RPM TECHNICAL SERVICES REVISED,TDP6993,Isuzu,,Current,2021-11-14,TTACF1362841,3873.93
RPM TECHNICAL SERVICES REVISED,TDP7684,Isuzu,,Current,2021-11-14,TTACF1362841,2773.84
RPM TECHNICAL SERVICES REVISED,TDP7685,Isuzu,,Current,2021-11-14,TTACF1362841,2775.11
RPM TECHNICAL SERVICES REVISED,TDR3429,Chevrolet,Colorado,Current,2021-11-14,TTACF1362841,1440.47
RPM TECHNICAL SERVICES REVISED,TDR993,Isuzu,,Current,2021-11-14,TTACF1362841,2966.94
RPM TECHNICAL SERVICES REVISED,TDU2066,Nissan,Caravan,Current,2021-11-14,TTACF1362841,1298.5
RPM TECHNICAL SERVICES REVISED,TDU4097,Mack,Dump Truck,Current,2021-11-14,TTACF1362841,20688.02
RPM TECHNICAL SERVICES REVISED,TDU4693,Mitsubishi,Mack Truck,Current,2021-11-14,TTACF1362841,1828.5
RPM TECHNICAL SERVICES REVISED,TDU9858,Volvo,,Current,2021-11-14,TTACF1362841,36863.95
RPM TECHNICAL SERVICES REVISED,TDW1483,Isuzu,,Current,2021-11-14,TTACF1362841,3562.35
RPM TECHNICAL SERVICES REVISED,TDW3688,VW,Island Tra,Current,2021-11-14,TTACF1362841,1192.5
RPM TECHNICAL SERVICES REVISED,TDW5285,Mack,,Current,2021-11-14,TTACF1362841,19401.18
RPM TECHNICAL SERVICES REVISED,TDW5823,VW,Trailer IN,Current,2021-11-14,TTACF1362841,1192.5
RPM TECHNICAL SERVICES REVISED,TDW6983,Isuzu,Sedan,Current,2021-11-14,TTACF1362841,1828.5
RPM TECHNICAL SERVICES REVISED,TDW7282,Volvo,Water Truc,Current,2021-11-14,TTACF1362841,1828.5
RPM TECHNICAL SERVICES REVISED,TDX1822,,Freehaul T,Current,2021-11-14,TTACF1362841,1192.5
RPM TECHNICAL SERVICES REVISED,TDX255,,Freehaul T,Current,2021-11-14,TTACF1362841,1192.5
RPM TECHNICAL SERVICES REVISED,TDX362,,Agri Trail,Current,2021-11-14,TTACF1362841,1192.5
RPM TECHNICAL SERVICES REVISED,TDX5323,Volvo,Water Truc,Current,2021-11-14,TTACF1362841,1828.5
RPM TECHNICAL SERVICES REVISED,TDX670,Isuzu,DMAX Pu,Current,2021-11-14,TTACF1362841,4685.67
RPM TECHNICAL SERVICES REVISED,TDX670,Isuzu,DMAX Pu,Current,2021-11-14,TTACF1362841,5480.2
RPM TECHNICAL SERVICES REVISED,TDX763,,,Current,2021-11-14,TTACF1362841,1398.88
RPM TECHNICAL SERVICES REVISED,TDZ2873,,Freehaul T,Current,2021-11-14,TTACF1362841,1192.5
RPM TECHNICAL SERVICES REVISED,TDZ6375,,DAF Truck,Current,2021-11-14,TTACF1362841,1706.6
RPM TECHNICAL SERVICES REVISED,TDZ7694,,DAF Flat T,Current,2021-11-14,TTACF1362841,1706.6
RPM TECHNICAL SERVICES REVISED,TDZ873,,Freehaul T,Current,2021-11-14,TTACF1362841,1590
RPM TECHNICAL SERVICES REVISED,TDZ9324,,Freehaul T,Current,2021-11-14,TTACF1362841,1192.5
RPM TECHNICAL SERVICES REVISED,TDZ9612,,Bed Truck,Current,2021-11-14,TTACF1362841,1706.6
RPM TECHNICAL SERVICES REVISED,TEA3609,Isuzu,NHR Pu,Current,2021-11-14,TTACF1362841,4235.09
RPM TECHNICAL SERVICES REVISED,TEA8121,Isuzu,NHR Pu,Current,2021-11-14,TTACF1362841,4421.63
RPM TECHNICAL SERVICES REVISED,TEA8555,,Backhoe,Current,2021-11-14,TTACF1362841,736.7
RPM TECHNICAL SERVICES REVISED,TEB 5937,,Freehaul T,Current,2021-11-14,TTACF1362841,1192.5
RPM TECHNICAL SERVICES REVISED,TEB 6666,,Freehaul T,Current,2021-11-14,TTACF1362841,1192.5
RPM TECHNICAL SERVICES REVISED,TEB 6993,,Freehaul T,Current,2021-11-14,TTACF1362841,1192.5
RPM TECHNICAL SERVICES REVISED,TEB 8139,,Freehaul T,Current,2021-11-14,TTACF1362841,1192.5
RPM TECHNICAL SERVICES REVISED,TEB2374,Volvo,Semi-Trail,Current,2021-11-14,TTACF1362841,1828.5
RPM TECHNICAL SERVICES REVISED,TEB3403,Isuzu,DMAX,Current,2021-11-14,TTACF1362841,6954.66
RPM TECHNICAL SERVICES REVISED,TEB3747,Isuzu,DMAZ PU,Current,2021-11-14,TTACF1362841,7144.61
RPM TECHNICAL SERVICES REVISED,TEB6334,,,Current,2021-11-14,TTACF1362841,8138.03
RPM TECHNICAL SERVICES REVISED,TED7673,Toyota,HILUX,Current,2021-11-14,TTACF1362841,96.56
RPM TECHNICAL SERVICES REVISED,TED7673,Toyota,HILUX,Current,2021-11-14,TTACF1362841,768.11
RPM TECHNICAL SERVICES REVISED,TTXX1 -72360,Volvo Truck,Trailer,Current,2021-11-14,TTACF1362841,1780.8
